variant,weights,split,frame_id,time,loss,return_rmse,return_accuracy,return_f1,intensity_rmse,intensity_medae,intensity_lpips,intensity_ssim,intensity_psnr,depth_rmse_m,depth_medae_m,depth_lpips,depth_ssim,depth_psnr,cd_m2,point_fscore
hybrid44,ema,development,8130,0.20000000298023224,0.009823750704526901,0.27272331714630127,0.9501323918799647,0.9668815943728019,0.09477757662534714,0.024659141898155212,0.1330125331878662,0.7038823415057638,20.465887675259292,3.153311014175415,0.039325714111328125,0.12286366522312164,0.853353686510098,28.08646379734372,0.07919855415821075,0.9269922375679016
hybrid44,ema,development,8140,0.4000000059604645,0.008298675529658794,0.27024564146995544,0.953927625772286,0.9691859664311997,0.09282871335744858,0.023537546396255493,0.1300508975982666,0.7353436939089442,20.646353313704324,2.646249294281006,0.028354406356811523,0.09550449997186661,0.8761245658169566,29.609184541746238,0.06033708527684212,0.9555172324180603
hybrid44,ema,development,8150,0.6000000238418579,0.020415320992469788,0.3679683208465576,0.8230361871138571,0.8791149161943808,0.14787454903125763,0.04726158827543259,0.3094028830528259,0.3079807084530477,16.602130972623783,3.8509786128997803,0.07921767234802246,0.3083246648311615,0.5952882687433061,26.35037763918718,0.10931495577096939,0.8928694725036621
hybrid44,ema,development,8160,0.800000011920929,0.01570253074169159,0.3531908392906189,0.8455428067078552,0.8863316517634833,0.14001289010047913,0.03251618146896362,0.32081788778305054,0.4111996573122452,17.076639451973747,3.097611665725708,0.036306142807006836,0.33927205204963684,0.6651370455132517,28.241260044403987,0.06338401883840561,0.9521901607513428
hybrid44,raw,development,8130,0.20000000298023224,0.009794563055038452,0.2720470428466797,0.9504854368932039,0.9670935575325056,0.09472161531448364,0.024573326110839844,0.1291242390871048,0.7068010009444141,20.471018381826983,3.1665661334991455,0.039206504821777344,0.12499573826789856,0.8546364245820167,28.050028272892632,0.08089275658130646,0.9266920685768127
hybrid44,raw,development,8140,0.4000000059604645,0.008270515128970146,0.26977160573005676,0.9540747278611357,0.969275282446955,0.09331967681646347,0.023650050163269043,0.12574216723442078,0.7352495087191232,20.600535633229285,2.631119728088379,0.028394699096679688,0.0987248495221138,0.8763635413255595,29.658987832355237,0.06064935028553009,0.9548377394676208
hybrid44,raw,development,8150,0.6000000238418579,0.020544618368148804,0.3683832287788391,0.8200941453368638,0.8771446940169566,0.1489795446395874,0.047851234674453735,0.30519968271255493,0.3036700068052755,16.537467054867946,3.8149938583374023,0.07903575897216797,0.3090174198150635,0.5934132960463709,26.43192313230903,0.10936911404132843,0.8939613699913025
hybrid44,raw,development,8160,0.800000011920929,0.015825720503926277,0.3528072237968445,0.8446307737569874,0.8854272883084199,0.14091865718364716,0.032725751399993896,0.31948333978652954,0.411085394134937,17.020629689128278,3.1305975914001465,0.036355018615722656,0.33547186851501465,0.6648642364866136,28.149254901627252,0.06830765306949615,0.9520399570465088
hybrid44,ema,train,8120,0.0,0.0067651402205228806,0.26589977741241455,0.9603854074727861,0.9737894788067547,0.08090969175100327,0.021947741508483887,0.12420349568128586,0.781900288523399,21.83998943226878,2.5002498626708984,0.019434452056884766,0.11392246186733246,0.8846295493031164,30.102131541316417,0.09488329291343689,0.9729730486869812
hybrid44,ema,train,8121,0.019999999552965164,0.007927622646093369,0.2709227502346039,0.9561488673139159,0.9710129425607017,0.08754045516252518,0.023454951122403145,0.13500452041625977,0.7462170938765277,21.15582363213853,2.7630929946899414,0.023595809936523438,0.12851305305957794,0.8715265973703665,29.23388984182987,0.06155454367399216,0.963586688041687
hybrid44,ema,train,8122,0.03999999910593033,0.007186559494584799,0.2658766210079193,0.9602088849661665,0.9736362484527742,0.08344926685094833,0.022092074155807495,0.13763581216335297,0.7658541466609469,21.57154977283138,2.595167875289917,0.022063732147216797,0.11051780730485916,0.8832059166158123,29.778490991784288,0.05849991738796234,0.9682354927062988
hybrid44,ema,train,8123,0.05999999865889549,0.007775363977998495,0.2651798129081726,0.9614298323036187,0.9744454407235585,0.0830855518579483,0.022181114181876183,0.14005833864212036,0.7654573739241229,21.609490201789583,2.7405760288238525,0.028899669647216797,0.10783219337463379,0.8856415400091663,29.304962921032708,0.07583463191986084,0.9440376162528992
hybrid44,ema,train,8124,0.07999999821186066,0.006990025285631418,0.2634030878543854,0.9613857016769638,0.97438499595039,0.08138378709554672,0.021657109260559082,0.11009771376848221,0.7746131636900121,21.78924212890346,2.611177682876587,0.020631790161132812,0.11231568455696106,0.8872854910277813,29.725071628975,0.06438975781202316,0.9717411398887634
hybrid44,ema,train,8125,0.10000000149011612,0.0063813007436692715,0.2605869174003601,0.9661812297734628,0.9775551845668706,0.07792867720127106,0.021252021193504333,0.11448020488023758,0.7880939657342947,22.166053502712813,2.5362889766693115,0.019593477249145508,0.10141904652118683,0.8993427542436999,29.97782512694904,0.06343384087085724,0.9705165028572083
hybrid44,ema,train,8126,0.11999999731779099,0.006562638096511364,0.25826001167297363,0.9653133274492498,0.9769915303852308,0.07924133539199829,0.020793840289115906,0.12001512944698334,0.7896762717091195,22.0209643507361,2.601250410079956,0.019444942474365234,0.09446057677268982,0.897960897674352,29.758156432365688,0.05743737891316414,0.9719648957252502
hybrid44,ema,train,8127,0.14000000059604645,0.006346120499074459,0.2551974952220917,0.9683142100617829,0.9789240915050587,0.07625836879014969,0.020299911499023438,0.11584429442882538,0.8012840232682507,22.354250124249457,2.4164369106292725,0.021871089935302734,0.09081549942493439,0.902381296908029,30.398290334988417,0.0578659251332283,0.9652366042137146
hybrid44,ema,train,8128,0.1599999964237213,0.006281043402850628,0.25494271516799927,0.9697558105325096,0.9798951732770085,0.07601658999919891,0.020155668258666992,0.1131581962108612,0.8034533442154036,22.38183246597056,2.637779712677002,0.020043611526489258,0.07665650546550751,0.9069953112971301,29.637029193157115,0.07449358701705933,0.969490647315979
hybrid44,ema,train,8129,0.18000000715255737,0.0053918925113976,0.2530899941921234,0.9716092968520152,0.9811169380087665,0.07350926846265793,0.019776970148086548,0.10671666264533997,0.8147625467103031,22.67315820458566,2.1854970455169678,0.017543792724609375,0.07746903598308563,0.9134708001998831,31.270794929794352,0.04689429700374603,0.9741044640541077
hybrid44,ema,train,8131,0.2199999988079071,0.005460437387228012,0.257409930229187,0.967402177110915,0.9783208436870217,0.07415387034416199,0.019950777292251587,0.11289447546005249,0.8122948342504989,22.597323733023543,2.0283432006835938,0.0174560546875,0.0815444141626358,0.9086785657059256,31.918971290601505,0.05296120047569275,0.9760505557060242
hybrid44,ema,train,8132,0.23999999463558197,0.005287652835249901,0.24771711230278015,0.9750073551044425,0.9833521140561462,0.07215902209281921,0.01965413987636566,0.10643628984689713,0.8260961412206673,22.834187669036652,2.256992816925049,0.018050193786621094,0.06673230975866318,0.9242354854805209,30.991196222023486,0.0502404049038887,0.9734237790107727
hybrid44,ema,train,8133,0.25999999046325684,0.005195028148591518,0.24674701690673828,0.9748455428067079,0.983231019671681,0.07119417935609818,0.018634021282196045,0.10828858613967896,0.8323850525680191,22.951110478359617,2.1151840686798096,0.01831817626953125,0.057865701615810394,0.9252511269334709,31.55483626149726,0.043826811015605927,0.9746863842010498
hybrid44,ema,train,8134,0.2800000011920929,0.005343627650290728,0.2476194202899933,0.9742571344513092,0.9828367431003708,0.07229568809270859,0.01892382651567459,0.09641994535923004,0.8297666433383436,22.81775204118048,2.251131296157837,0.019332170486450195,0.05630785599350929,0.9256764215749627,31.01378319771811,0.04350302368402481,0.9728179574012756
hybrid44,ema,train,8135,0.30000001192092896,0.005322503857314587,0.24764463305473328,0.9731685789938217,0.9820941236526417,0.07179409265518188,0.01894409954547882,0.10616117715835571,0.8329315275984073,22.87822615959727,2.257817506790161,0.018212318420410156,0.0520155094563961,0.9224638436685401,30.98802318460431,0.041731685400009155,0.9758658409118652
hybrid44,ema,train,8136,0.3199999928474426,0.00518756965175271,0.24805821478366852,0.9733451015004413,0.982207034702174,0.07306104153394699,0.018982887268066406,0.11065280437469482,0.8287564743920655,22.72628277050724,2.168823003768921,0.017755985260009766,0.060275934636592865,0.9243319328745884,31.337317679982554,0.04235413670539856,0.976585328578949
hybrid44,ema,train,8137,0.3400000035762787,0.005048198625445366,0.2468007355928421,0.9753015592821418,0.983506390168669,0.07088085263967514,0.01861332356929779,0.10350402444601059,0.8360719202635891,22.989421112231142,2.0876169204711914,0.01811385154724121,0.06089554727077484,0.9281410267119327,31.668783698264168,0.04225458204746246,0.9751044511795044
hybrid44,ema,train,8138,0.36000001430511475,0.005328565835952759,0.25090938806533813,0.9719035010297146,0.9812270252206562,0.07365110516548157,0.01910710334777832,0.10467951744794846,0.8289063322087221,22.656414440079434,2.151089668273926,0.016794204711914062,0.06999003142118454,0.9215075875872609,31.40862988699365,0.040116023272275925,0.9767516255378723
hybrid44,ema,train,8139,0.3799999952316284,0.0047134472988545895,0.24897749722003937,0.9741835834068844,0.9827285878775353,0.07074549794197083,0.018536224961280823,0.10618414729833603,0.8406095165562817,23.006024098573548,1.8850398063659668,0.015096426010131836,0.05310187116265297,0.929768500321101,32.55538930772187,0.044390998780727386,0.9795497059822083
hybrid44,ema,train,8141,0.41999998688697815,0.005418412387371063,0.2610437870025635,0.9641953515739924,0.9760031548851424,0.07556542754173279,0.01971423625946045,0.11026019603013992,0.823114255407836,22.43353678522375,1.8573755025863647,0.015749692916870117,0.06133095547556877,0.9093615417741981,32.6838056169637,0.036867234855890274,0.981381356716156
hybrid44,ema,train,8142,0.4399999976158142,0.005532878916710615,0.25543761253356934,0.9686378346572522,0.9789502784250227,0.07491929829120636,0.01934763789176941,0.10681519657373428,0.8282798973528603,22.508125858975312,2.2002053260803223,0.016701459884643555,0.06455188989639282,0.916118057784115,31.212535253751277,0.037300895899534225,0.9791440367698669
hybrid44,ema,train,8143,0.46000000834465027,0.005397005472332239,0.25508686900138855,0.9692997940570756,0.9793470623744446,0.07446195930242538,0.018797025084495544,0.10605169832706451,0.830294119314048,22.56131049937303,2.060316562652588,0.0158843994140625,0.0632687360048294,0.9179745889735423,31.783120480062095,0.05134904012084007,0.9779760241508484
hybrid44,ema,train,8144,0.47999998927116394,0.006642666645348072,0.2633388638496399,0.9603706972639011,0.9733124640897114,0.07863172888755798,0.019746318459510803,0.11090800911188126,0.8097565352250499,22.088043643449584,2.374521017074585,0.02180004119873047,0.08918418735265732,0.898674474314968,30.550279420620075,0.0471111461520195,0.9713093638420105
hybrid44,ema,train,8145,0.5,0.006496538408100605,0.2674115002155304,0.958267137393351,0.9718877889750983,0.08062689006328583,0.020508065819740295,0.13031430542469025,0.7922762748754598,21.870401852581608,2.363363742828369,0.01764678955078125,0.09059130400419235,0.8948994621875064,30.59118826049039,0.05339817702770233,0.973723292350769
hybrid44,ema,train,8146,0.5199999809265137,0.007538137026131153,0.2778785824775696,0.9485878199470432,0.9654046028210839,0.084346704185009,0.022021248936653137,0.12766502797603607,0.7648820726696052,21.47863786283982,2.6429083347320557,0.02070474624633789,0.11508291959762573,0.8778348818783049,29.620157491524537,0.051840268075466156,0.9679252505302429
hybrid44,ema,train,8147,0.5400000214576721,0.008250144310295582,0.28419971466064453,0.9425419240953221,0.9611706463606178,0.08608604222536087,0.022191643714904785,0.1426081657409668,0.7461902075693895,21.301344928713426,2.7345781326293945,0.02541518211364746,0.1281416118144989,0.8674156155176244,29.323992945428987,0.06285914778709412,0.9549741744995117
hybrid44,ema,train,8148,0.5600000023841858,0.009730185382068157,0.29994404315948486,0.9231685789938218,0.9480272650380617,0.09606868773698807,0.024951770901679993,0.1701415777206421,0.6866200063203657,20.34836295039609,2.879490375518799,0.030256032943725586,0.1671503186225891,0.8289778759852198,28.875487123366245,0.07171684503555298,0.9450255036354065
hybrid44,ema,train,8149,0.5799999833106995,0.00911229569464922,0.30266961455345154,0.9245072080023536,0.9484335121882598,0.09336889535188675,0.024996142834424973,0.17513465881347656,0.6861532461026321,20.59595579536017,2.616549491882324,0.027172327041625977,0.1531444936990738,0.835250447710474,29.707221044767063,0.06294821947813034,0.9507388472557068
hybrid44,ema,train,8151,0.6200000047683716,0.009518264792859554,0.3148513734340668,0.9082082965578111,0.9366548909733219,0.10339432209730148,0.02624604105949402,0.19160062074661255,0.6418529863006187,19.71006634643897,2.328545570373535,0.023356199264526367,0.2300715297460556,0.8004965471648517,30.720104977254785,0.034484051167964935,0.9762909412384033
hybrid44,ema,train,8152,0.6399999856948853,0.008221371099352837,0.30708232522010803,0.917799352750809,0.9430365552814532,0.0967775285243988,0.02333061397075653,0.15663515031337738,0.6816259339147678,20.284509390828617,2.0098745822906494,0.019422292709350586,0.1756073534488678,0.832144969662492,31.998420318084783,0.042165257036685944,0.9786368608474731
hybrid44,ema,train,8153,0.6600000262260437,0.008701701648533344,0.3100302815437317,0.9142983230361871,0.9404172632440172,0.10128595679998398,0.024211391806602478,0.1603604108095169,0.6824126746086406,19.889015295824958,2.0959632396698,0.01986706256866455,0.17390570044517517,0.8305306002036711,31.63412677205551,0.03770999610424042,0.9795718193054199
hybrid44,ema,train,8154,0.6800000071525574,0.009547052904963493,0.3160693943500519,0.9076345984112975,0.9362181928995886,0.10837094485759735,0.02587655372917652,0.18356075882911682,0.6630733426385006,19.301742791262836,2.249018430709839,0.021105527877807617,0.18465328216552734,0.8186691349559718,31.02193935601729,0.040899328887462616,0.9758170247077942
hybrid44,ema,train,8155,0.699999988079071,0.010062331333756447,0.3187255263328552,0.9024418946749044,0.9328146527271254,0.11290068924427032,0.027101457118988037,0.2192155420780182,0.6383160380093056,18.946068018085814,2.331915855407715,0.02237677574157715,0.22926372289657593,0.8012744151273016,30.707541975985357,0.04797904193401337,0.9783920049667358
hybrid44,ema,train,8156,0.7200000286102295,0.010051079094409943,0.31900182366371155,0.9027802294792586,0.9326155446119964,0.11313549429178238,0.026457704603672028,0.23405832052230835,0.6416212739988048,18.92802270340713,2.2932121753692627,0.021236419677734375,0.2550826072692871,0.7973450848562038,30.85291505822373,0.039648279547691345,0.9794658422470093
hybrid44,ema,train,8157,0.7400000095367432,0.010408448986709118,0.32023295760154724,0.8992203589290968,0.9295563210117731,0.11305077373981476,0.02621212601661682,0.22565746307373047,0.6319303655536987,18.934528952991133,2.4204111099243164,0.02134120464324951,0.2382022738456726,0.7879557377072132,30.38401669617397,0.04896313697099686,0.9805357456207275
hybrid44,ema,train,8158,0.7599999904632568,0.00976015068590641,0.31722748279571533,0.9049132097675787,0.9327381324009906,0.109717957675457,0.025403901934623718,0.21599248051643372,0.641532563405561,19.194445884328964,2.0781924724578857,0.021390676498413086,0.23785004019737244,0.795139056391001,31.708083969254353,0.042824290692806244,0.9776703119277954
hybrid44,ema,train,8159,0.7799999713897705,0.010588190518319607,0.3210340142250061,0.8988084730803177,0.9270697496898953,0.11259224265813828,0.02455565333366394,0.2427729070186615,0.6068110720519296,18.969830662738815,2.5133988857269287,0.02236759662628174,0.2848261892795563,0.773351688179122,30.056571376335846,0.04873155802488327,0.9727709293365479
hybrid44,ema,train,8161,0.8199999928474426,0.009709238074719906,0.3130418062210083,0.9090173580464843,0.9308930826042751,0.10590282827615738,0.01973186433315277,0.2564311921596527,0.6340039336196736,19.501849099199255,2.4555389881134033,0.0196225643157959,0.2923416495323181,0.7903590958653013,30.258863096415748,0.03821001946926117,0.9675686955451965
hybrid44,ema,train,8162,0.8399999737739563,0.009118580259382725,0.3067491352558136,0.9144895557516917,0.9333669574387603,0.10275913774967194,0.017587438225746155,0.23298725485801697,0.6539950366307637,19.7635908889688,2.2925384044647217,0.017203807830810547,0.2713333070278168,0.79852579343415,30.85546718070993,0.03706928715109825,0.9729886651039124
hybrid44,ema,train,8163,0.8600000143051147,0.0085750175639987,0.3000287413597107,0.9225507502206531,0.9372100511621806,0.09994304925203323,0.01567743718624115,0.19989825785160065,0.681693625670227,20.00494834842867,2.3216116428375244,0.014515399932861328,0.26654481887817383,0.813311858294234,30.746008248444614,0.04580081254243851,0.9730362892150879
hybrid44,ema,train,8164,0.8799999952316284,0.008521029725670815,0.29895099997520447,0.9240953221535746,0.9349207950761781,0.10222978889942169,0.01301160454750061,0.2489745318889618,0.6711113240967151,19.808450472360924,2.286972999572754,0.011766910552978516,0.2845773994922638,0.8140789387914728,30.876579316002058,0.046766720712184906,0.9708693623542786
hybrid44,ema,train,8165,0.8999999761581421,0.00834761094301939,0.2965264320373535,0.9255075022065313,0.9323555341828964,0.10032971203327179,0.009528718888759613,0.1950388252735138,0.6790442000002065,19.971408720067444,2.226468801498413,0.009567499160766602,0.31101635098457336,0.824014231666312,31.1094670347078,0.05432361364364624,0.9676782488822937
hybrid44,ema,train,8166,0.9200000166893005,0.007907630875706673,0.2892186939716339,0.9333921741688732,0.9371721937005688,0.09668221324682236,0.007228732109069824,0.20879799127578735,0.7078599791929544,20.29306849783123,2.141718864440918,0.0069141387939453125,0.3206717073917389,0.8355536497351521,31.446550363011575,0.04880533739924431,0.9608445763587952
hybrid44,ema,train,8167,0.9399999976158142,0.008457445539534092,0.2903880476951599,0.9294204177699323,0.9337402640446334,0.09844018518924713,0.007747218012809753,0.1957692801952362,0.7012187241357142,20.13655155821619,2.3177168369293213,0.0076291561126708984,0.30900999903678894,0.8275222967985855,30.760592182659934,0.05313314497470856,0.9607395529747009
hybrid44,ema,train,8168,0.9599999785423279,0.008191332221031189,0.29047784209251404,0.931715210355987,0.9379229185054427,0.0938672125339508,0.009016253054141998,0.17372533679008484,0.7169929910051818,20.54972145978304,2.362227201461792,0.008984088897705078,0.27260488271713257,0.8376442466989251,30.595366514052948,0.05272936075925827,0.9624565243721008
hybrid44,ema,train,8169,0.9800000190734863,0.00854736752808094,0.296314537525177,0.9270962047661077,0.9372085951753497,0.09685913473367691,0.012843688949942589,0.18139193952083588,0.6994324234971016,20.27718832460103,2.3505358695983887,0.012267827987670898,0.2642466127872467,0.8279185060394312,30.63846222336977,0.03990085422992706,0.9651857018470764
hybrid44,ema,train,8170,1.0,0.008182660676538944,0.29698213934898376,0.9298911444542513,0.9439939834073657,0.09580512344837189,0.01631435751914978,0.1772337257862091,0.7096216874561115,20.372225296307835,2.178034543991089,0.014518380165100098,0.254087895154953,0.8308784192699932,31.300504451718663,0.038137584924697876,0.9698606133460999
hybrid44_untied,ema,development,8130,0.20000000298023224,0.011733475141227245,0.2834523320198059,0.9367755222124154,0.9582783256969791,0.10560179501771927,0.028683513402938843,0.167830690741539,0.6402304870654377,19.526574243798574,3.3327760696411133,0.04906439781188965,0.1830005794763565,0.8168671322542073,27.605677134894485,0.08124181628227234,0.9049735069274902
hybrid44_untied,ema,development,8140,0.4000000059604645,0.008870980702340603,0.26962170004844666,0.9519858781994704,0.9679251587036418,0.09473028033971786,0.024247899651527405,0.13947924971580505,0.7216786115064049,20.470223689798495,2.810601234436035,0.03550839424133301,0.10271658003330231,0.8661385208579572,29.085815036873687,0.05739400535821915,0.9511037468910217
hybrid44_untied,ema,development,8150,0.6000000238418579,0.021549541503190994,0.3719843029975891,0.8178434833774639,0.8747889218075372,0.1526758223772049,0.04880022257566452,0.3437381386756897,0.2798503927754275,16.324594949244272,3.9644956588745117,0.12085962295532227,0.35141927003860474,0.5821675839791254,26.09804075209646,0.11721880733966827,0.8669776916503906
hybrid44_untied,ema,development,8160,0.800000011920929,0.014970889315009117,0.34947535395622253,0.8541629891144454,0.8929096094020048,0.1379069685935974,0.03251306712627411,0.32390332221984863,0.423622342370109,17.208275433719578,2.934760332107544,0.038814544677734375,0.3407852351665497,0.6802423938689027,28.71034715761556,0.06450926512479782,0.944930374622345
hybrid44_untied,raw,development,8130,0.20000000298023224,0.011631879024207592,0.28249886631965637,0.9380258899676376,0.9591101879980201,0.10497896373271942,0.028447549790143967,0.15918612480163574,0.645308762453016,19.57795462994767,3.3387937545776367,0.048926591873168945,0.17796942591667175,0.8193633044983855,27.590007823901722,0.09128601849079132,0.9046730399131775
hybrid44_untied,raw,development,8140,0.4000000059604645,0.008908122777938843,0.2690332233905792,0.9515739923506914,0.96765890558994,0.09538310766220093,0.024429284036159515,0.14121074974536896,0.7205570931227308,20.410570956826884,2.8155617713928223,0.03574085235595703,0.10393467545509338,0.8649326986221915,29.07049822456831,0.06303974986076355,0.9508598446846008
hybrid44_untied,raw,development,8150,0.6000000238418579,0.02140611782670021,0.3708879053592682,0.8192997940570756,0.8765104449403864,0.15238071978092194,0.04950585961341858,0.34077733755111694,0.28170095034540565,16.341399298048216,3.937650203704834,0.12029397487640381,0.35448503494262695,0.5861904014832618,26.157056892483634,0.11879314482212067,0.8686453700065613
hybrid44_untied,raw,development,8160,0.800000011920929,0.014924151822924614,0.3484056293964386,0.8553692262430127,0.8938710304181688,0.13797880709171295,0.03259509801864624,0.32393166422843933,0.4257902152453896,17.20375211257482,2.948380708694458,0.038964271545410156,0.33795246481895447,0.6828796480415936,28.670128751852108,0.06861008703708649,0.9438614845275879
hybrid44_untied,ema,train,8120,0.0,0.006897585932165384,0.26736363768577576,0.9573992350691379,0.9718441316014622,0.08362089097499847,0.023066505789756775,0.1314128339290619,0.7738057609376469,21.55370428942362,2.4967823028564453,0.019706010818481445,0.12193235754966736,0.8797550088294362,30.114186096555827,0.09394959360361099,0.975287139415741
hybrid44_untied,ema,train,8121,0.019999999552965164,0.00711173377931118,0.26823413372039795,0.9573109738158282,0.9717814080124465,0.08446231484413147,0.02318233996629715,0.12792089581489563,0.7649057579359635,21.466740201616368,2.5217697620391846,0.019770383834838867,0.11534814536571503,0.8805008183882573,30.02769088251212,0.06554136425256729,0.9710721373558044
hybrid44_untied,ema,train,8122,0.03999999910593033,0.006439745891839266,0.2631608545780182,0.9628567225654604,0.9753713800805673,0.08147404342889786,0.022650858387351036,0.11206012964248657,0.7802639914673999,21.77961486227078,2.398063898086548,0.019418716430664062,0.10071082413196564,0.8936317220968704,30.464584698715406,0.05389614403247833,0.9738216996192932
hybrid44_untied,ema,train,8123,0.05999999865889549,0.0070243580266833305,0.2643578052520752,0.9623712856722565,0.9750526644300539,0.08243296295404434,0.022809892892837524,0.12875567376613617,0.7729264405709455,21.67798199347597,2.5879740715026855,0.023302793502807617,0.093660369515419,0.8896550892446783,29.80260094364847,0.05684513971209526,0.9657029509544373
hybrid44_untied,ema,train,8124,0.07999999821186066,0.006297047715634108,0.25921496748924255,0.9671226831421006,0.9781740412691282,0.0779828205704689,0.021333511918783188,0.09932660311460495,0.7946500792063859,22.160021186764745,2.497115135192871,0.019682884216308594,0.08298987150192261,0.9008872471724619,30.113028551399804,0.05491967126727104,0.9740780591964722
hybrid44_untied,ema,train,8125,0.10000000149011612,0.006256586872041225,0.26036620140075684,0.9666078258311268,0.9778415524579283,0.07748597115278244,0.021575570106506348,0.11718271672725677,0.7952638178993594,22.215538201209863,2.5796005725860596,0.0200653076171875,0.08552607893943787,0.903218941288879,29.83075031640052,0.05411048233509064,0.9736929535865784
hybrid44_untied,ema,train,8126,0.11999999731779099,0.005771869793534279,0.2549479901790619,0.9700941453368638,0.980105101431689,0.07541529834270477,0.02051331102848053,0.11053773760795593,0.8065877725710531,22.450811237535817,2.4203646183013916,0.017763614654541016,0.07057255506515503,0.9113798763191577,30.38418389976436,0.047245800495147705,0.9748319983482361
hybrid44_untied,ema,train,8127,0.14000000059604645,0.0054980916902422905,0.253910094499588,0.9714769049720506,0.981003791404191,0.07365639507770538,0.02025023102760315,0.11007853597402573,0.8172610579560986,22.65579113452477,2.26142954826355,0.018167972564697266,0.07059863954782486,0.9158166877123374,30.974138373759423,0.053375788033008575,0.9740005731582642
hybrid44_untied,ema,train,8128,0.1599999964237213,0.005622290540486574,0.2520104646682739,0.9724771991762283,0.9816864875446581,0.07411348819732666,0.020486801862716675,0.11049911379814148,0.8158080103131031,22.60205521067231,2.4444990158081055,0.018497228622436523,0.06433828920125961,0.9181605789635247,30.29800274507469,0.08047853410243988,0.9735255241394043
hybrid44_untied,ema,train,8129,0.18000000715255737,0.005268502049148083,0.2514278292655945,0.9724771991762283,0.981691505289012,0.07170917093753815,0.020179688930511475,0.10310804843902588,0.8207870344460844,22.88850619676312,2.2060930728912354,0.018259048461914062,0.07185756415128708,0.9183177504368094,31.189323196602253,0.05061061680316925,0.9748836159706116
hybrid44_untied,ema,train,8131,0.2199999988079071,0.005965731106698513,0.25798919796943665,0.9652103559870551,0.9768674745933467,0.07620998471975327,0.02095770463347435,0.11411384493112564,0.7988346409447772,22.359762485117216,2.242889165878296,0.019644737243652344,0.07861540466547012,0.9011655814456929,31.04564380294284,0.05005820840597153,0.9742079973220825
hybrid44_untied,ema,train,8132,0.23999999463558197,0.005923901218920946,0.24724027514457703,0.9740217711091498,0.9826937399553135,0.07503660768270493,0.020131051540374756,0.10267747193574905,0.8171432266669302,22.49453600382298,2.362797260284424,0.023606061935424805,0.06255248934030533,0.918395168806536,30.593270578842827,0.05139285698533058,0.968379557132721
hybrid44_untied,ema,train,8133,0.25999999046325684,0.005561460740864277,0.2475721389055252,0.9744777875845837,0.9829816869218923,0.07333044707775116,0.01971830427646637,0.09818001091480255,0.8220029862277158,22.694313641620685,2.206845998764038,0.022099018096923828,0.0627174898982048,0.9210438025083505,31.186358849964407,0.053538382053375244,0.971567690372467
hybrid44_untied,ema,train,8134,0.2800000011920929,0.004826729651540518,0.24643638730049133,0.9753309796999118,0.9835447882017014,0.07016605138778687,0.019534273073077202,0.09353581815958023,0.8328846366613865,23.077459279917928,2.1907923221588135,0.016663789749145508,0.057930268347263336,0.9291726878742187,31.249775068906864,0.04834744334220886,0.9799614548683167
hybrid44_untied,ema,train,8135,0.30000001192092896,0.004892183467745781,0.24764390289783478,0.9748161223889379,0.9831870052835228,0.0693846270442009,0.019640222191810608,0.09560190886259079,0.8353511030992988,23.174734677004093,2.1330149173736572,0.016438961029052734,0.0529644601047039,0.9259416047718219,31.4819218141994,0.04596637189388275,0.9789654016494751
hybrid44_untied,ema,train,8136,0.3199999928474426,0.004797038622200489,0.2464803159236908,0.9753604001176817,0.9835537620155724,0.07074998319149017,0.019145861268043518,0.1039721816778183,0.8355927844587616,23.005472981748554,2.0937037467956543,0.01580047607421875,0.059707798063755035,0.9290979655221311,31.643495048587656,0.03678333759307861,0.9806273579597473
hybrid44_untied,ema,train,8137,0.3400000035762787,0.004825175739824772,0.24770987033843994,0.9744336569579288,0.9829263021396153,0.07024741172790527,0.019256174564361572,0.1059717908501625,0.8348551740162293,23.067393904825696,1.9706604480743408,0.016481876373291016,0.061046116054058075,0.9260390246590542,32.16956386776676,0.03874243050813675,0.9795066118240356
hybrid44_untied,ema,train,8138,0.36000001430511475,0.00601582694798708,0.2535266876220703,0.9707413945278023,0.9804549697833242,0.07765040546655655,0.020250096917152405,0.10913833975791931,0.8068424730173741,22.197125174937543,2.3548412322998047,0.022000551223754883,0.08205492049455643,0.9105906636318222,30.622566822570608,0.048669055104255676,0.9715755581855774
hybrid44_untied,ema,train,8139,0.3799999952316284,0.004846496973186731,0.246535524725914,0.9742277140335392,0.9827341532639547,0.07152017205953598,0.019153118133544922,0.11294747143983841,0.8347027396697891,22.91142930221007,1.9502346515655518,0.01655125617980957,0.05917561799287796,0.9255202698043301,32.26006224963823,0.0440092496573925,0.9804533123970032
hybrid44_untied,ema,train,8141,0.41999998688697815,0.005613106302917004,0.25829920172691345,0.9645483965872316,0.9762407082437841,0.07518218457698822,0.01997937262058258,0.1147346943616867,0.8217487782465563,22.477701023644677,2.039355993270874,0.017012357711791992,0.07596254348754883,0.9052936265231811,31.8719385038308,0.03934120759367943,0.9830588698387146
hybrid44_untied,ema,train,8142,0.4399999976158142,0.005423148162662983,0.2516552209854126,0.9696822594880847,0.9796361983618057,0.07265669107437134,0.019218549132347107,0.10470929741859436,0.8345603329767793,22.7744880452044,2.1057372093200684,0.017455339431762695,0.06784664839506149,0.9169823489774857,31.59371626976241,0.05654516816139221,0.9791610240936279
hybrid44_untied,ema,train,8143,0.46000000834465027,0.005406389944255352,0.25414910912513733,0.9689614592527214,0.9791010479190191,0.07341081649065018,0.019348345696926117,0.11578299105167389,0.8307966032192634,22.684798596145193,2.0433785915374756,0.01700878143310547,0.06939574331045151,0.9156097243022979,31.85482257139457,0.04442084953188896,0.9792888760566711
hybrid44_untied,ema,train,8144,0.47999998927116394,0.0060030752792954445,0.2593260407447815,0.9633127390408944,0.9752785377264979,0.07524057477712631,0.01963353157043457,0.11162064224481583,0.8198951706015838,22.470958040557516,2.365318536758423,0.017940282821655273,0.09500449895858765,0.9050732568311636,30.58400701211356,0.04416970908641815,0.9785770773887634
hybrid44_untied,ema,train,8145,0.5,0.0062286946922540665,0.26438769698143005,0.9613121506325389,0.9739263195463379,0.07818740606307983,0.020468920469284058,0.12430815398693085,0.7968770498069839,22.137264014977788,2.411614418029785,0.01846909523010254,0.08879818022251129,0.899940286616795,30.41564194145076,0.048683032393455505,0.9747037887573242
hybrid44_untied,ema,train,8146,0.5199999809265137,0.006823970936238766,0.27262619137763977,0.953442188879082,0.968622669006335,0.08031468093395233,0.021394506096839905,0.12376241385936737,0.7817196897271508,21.90410108992736,2.5175795555114746,0.021562814712524414,0.10939712822437286,0.8863214414608062,30.042135711346095,0.04299531877040863,0.9729354381561279
hybrid44_untied,ema,train,8147,0.5400000214576721,0.0074645765125751495,0.27980372309684753,0.9455133862900853,0.9631706638030465,0.08313266187906265,0.022109761834144592,0.1363040953874588,0.7604505152631799,21.604566048284756,2.5670769214630127,0.02250218391418457,0.11742903292179108,0.8755787389962627,29.873022484154284,0.06508544087409973,0.966815710067749
hybrid44_untied,ema,train,8148,0.5600000023841858,0.008087895810604095,0.2931436002254486,0.9333039129155634,0.9546518373307195,0.09024596214294434,0.023536711931228638,0.15104523301124573,0.725741826490008,20.891444760482027,2.486257553100586,0.022021055221557617,0.14747047424316406,0.8548770504245643,30.150877784156034,0.05029231309890747,0.9649633765220642
hybrid44_untied,ema,train,8149,0.5799999833106995,0.008356893435120583,0.29655009508132935,0.9323183289202707,0.953507876681184,0.09044261276721954,0.023335173726081848,0.15484733879566193,0.7128815903882086,20.872538225600458,2.6785824298858643,0.0233001708984375,0.13431642949581146,0.8555924680354333,29.503699485057055,0.06820361316204071,0.9576690793037415
hybrid44_untied,ema,train,8151,0.6200000047683716,0.00956809800118208,0.3129037022590637,0.9097087378640777,0.9373699032692542,0.10544715076684952,0.026370331645011902,0.2032582312822342,0.6347484486240359,19.53930317175241,2.4650795459747314,0.02305018901824951,0.23276333510875702,0.8024756591303382,30.225181265617866,0.04312767833471298,0.9771426320075989
hybrid44_untied,ema,train,8152,0.6399999856948853,0.00801798515021801,0.3022027611732483,0.9228155339805825,0.9463765598013265,0.09557695686817169,0.023469388484954834,0.17966753244400024,0.6870936839021072,20.392935984956907,2.1637790203094482,0.01915287971496582,0.16525115072727203,0.8423239212973537,31.357541228550446,0.0434584841132164,0.9782297611236572
hybrid44_untied,ema,train,8153,0.6600000262260437,0.00835224986076355,0.30574968457221985,0.9194616063548102,0.9441719605583824,0.09835848212242126,0.024203911423683167,0.1662754863500595,0.6899462536296621,20.14376374123733,2.180985689163208,0.019718170166015625,0.15902866423130035,0.8409523776493832,31.288743827819843,0.033668190240859985,0.9800344705581665
hybrid44_untied,ema,train,8154,0.6800000071525574,0.00949170347303152,0.3127804100513458,0.9098852603706973,0.9378108947678314,0.10648398101329803,0.02558082342147827,0.19441726803779602,0.656565303808607,19.454314707692138,2.3963143825531006,0.021349191665649414,0.18737918138504028,0.815352019943657,30.47092398481727,0.042693156749010086,0.9771478176116943
hybrid44_untied,ema,train,8155,0.699999988079071,0.009361764416098595,0.3123992085456848,0.9122536040011768,0.9393264369920561,0.1066959798336029,0.02584904432296753,0.2115533947944641,0.6559645095584252,19.437039022357197,2.3735551834106445,0.021444320678710938,0.21198701858520508,0.8135986906077189,30.553813398526586,0.04206271469593048,0.9781580567359924
hybrid44_untied,ema,train,8156,0.7200000286102295,0.009806553833186626,0.315093994140625,0.9081641659311562,0.936450900355256,0.10977033525705338,0.02618231251835823,0.22700859606266022,0.6394319381117294,19.190300377346034,2.4108848571777344,0.022135496139526367,0.24090062081813812,0.8004014845838167,30.418270196691065,0.042594872415065765,0.9794697761535645
hybrid44_untied,ema,train,8157,0.7400000095367432,0.009754913859069347,0.3135485351085663,0.9088849661665196,0.936296692446931,0.10830865800380707,0.02572508156299591,0.22389456629753113,0.6444857572147046,19.306736310519486,2.4586710929870605,0.021320819854736328,0.23869644105434418,0.7990264887700926,30.247791070568223,0.04641970992088318,0.9799068570137024
hybrid44_untied,ema,train,8158,0.7599999904632568,0.009573858231306076,0.31310051679611206,0.9096351868196528,0.9358721409706345,0.10680864751338959,0.025151744484901428,0.22826960682868958,0.6393760898703199,19.42787180572347,2.2900214195251465,0.02172112464904785,0.25200435519218445,0.7973504581457941,30.8650086673811,0.04414479434490204,0.976131021976471
hybrid44_untied,ema,train,8159,0.7799999713897705,0.010129478760063648,0.3173724114894867,0.9032362459546925,0.9303251774176465,0.11012980341911316,0.02487548068165779,0.23944437503814697,0.6112141299036968,19.16190296687303,2.4151408672332764,0.022576093673706055,0.270679771900177,0.7811048284399618,30.402950135289597,0.04717927426099777,0.9720996618270874
hybrid44_untied,ema,train,8161,0.8199999928474426,0.009123389609158039,0.3074542284011841,0.9162989114445426,0.9363292527359399,0.10191667079925537,0.01994292438030243,0.240481436252594,0.6473467171897532,19.835095306106552,2.4022555351257324,0.018640995025634766,0.27044478058815,0.8010250750522384,30.449415738742637,0.03524287790060043,0.9703025221824646
hybrid44_untied,ema,train,8162,0.8399999737739563,0.008747288957238197,0.30418872833251953,0.9200941453368637,0.9375603476021886,0.09927323460578918,0.017687276005744934,0.20917120575904846,0.6691630538967898,20.06335683293729,2.3652760982513428,0.016794204711914062,0.24134570360183716,0.811300941804969,30.584163217278864,0.041593287140131,0.9735428690910339
hybrid44_untied,ema,train,8163,0.8600000143051147,0.008296447806060314,0.298409104347229,0.9254192409532216,0.939311962845036,0.09774413704872131,0.01543550193309784,0.21025577187538147,0.6842449464732587,20.19818589578662,2.358607053756714,0.014430761337280273,0.26936572790145874,0.8197952089883842,30.60868776387569,0.049248628318309784,0.972403347492218
hybrid44_untied,ema,train,8164,0.8799999952316284,0.008231655694544315,0.2934761345386505,0.9287437481612238,0.9387626103006246,0.10097233951091766,0.012866467237472534,0.24672779440879822,0.6795278133630295,19.915951908761368,2.3875882625579834,0.01173257827758789,0.2741183936595917,0.8232420575805312,30.502611380075003,0.06201215088367462,0.9691026210784912
hybrid44_untied,ema,train,8165,0.8999999761581421,0.008371391333639622,0.29241129755973816,0.9280082377169756,0.9344968814412292,0.09993810206651688,0.009316131472587585,0.205160990357399,0.6844517861577787,20.005377999740872,2.434720516204834,0.00934290885925293,0.300121009349823,0.8291685883692693,30.33281772159373,0.06138669699430466,0.9643885493278503
hybrid44_untied,ema,train,8166,0.9200000166893005,0.007854007184505463,0.28497210144996643,0.9370991468078846,0.9406160597727967,0.09496042877435684,0.006617367267608643,0.20524415373802185,0.7175013365215825,20.449146966520928,2.4168763160705566,0.0069386959075927734,0.3202718496322632,0.8419353903272613,30.396710998368807,0.05605238676071167,0.9592037796974182
hybrid44_untied,ema,train,8167,0.9399999976158142,0.007857977412641048,0.28481894731521606,0.9378787878787879,0.9416495101764469,0.09199967980384827,0.007064908742904663,0.18690069019794464,0.7301452453404484,20.72427394043791,2.434337854385376,0.0074160099029541016,0.28981727361679077,0.8457612944310824,30.33418283227723,0.04739486426115036,0.9606244564056396
hybrid44_untied,ema,train,8168,0.9599999785423279,0.007730322889983654,0.2878357172012329,0.9367608120035305,0.9423084665244172,0.09005820751190186,0.008560262620449066,0.18077954649925232,0.7318293633896324,20.909533719332973,2.3367855548858643,0.008390188217163086,0.26121002435684204,0.8493867375685814,30.689422340057256,0.042563095688819885,0.9623259902000427
hybrid44_untied,ema,train,8169,0.9800000190734863,0.007964005693793297,0.28909462690353394,0.9355251544571933,0.9441478177763619,0.09116565436124802,0.011262252926826477,0.15661659836769104,0.7334540510812994,20.80337485694671,2.4637906551361084,0.011540412902832031,0.23778489232063293,0.8481654956498161,30.22972336328354,0.03763418644666672,0.9649057388305664
hybrid44_untied,ema,train,8170,1.0,0.007713932543992996,0.2922515571117401,0.936098852603707,0.9486803865510479,0.09179772436618805,0.015076421201229095,0.16273576021194458,0.7302355233775321,20.743361903865743,2.2885613441467285,0.014194011688232422,0.2221769243478775,0.8485669965013983,30.87054815091273,0.03720208629965782,0.9682546257972717
hybrid44_neural,ema,development,8130,0.20000000298023224,0.009004143998026848,0.26772651076316833,0.9540894380700206,0.9695027214008618,0.09091727435588837,0.02369028329849243,0.13525396585464478,0.7223957288337298,20.827071883822658,3.0256993770599365,0.03178071975708008,0.11183236539363861,0.865419394338952,28.44528424120646,0.06982265412807465,0.9457590579986572
hybrid44_neural,ema,development,8140,0.4000000059604645,0.008037464693188667,0.268829345703125,0.9549573403942336,0.9698527095148078,0.09121719747781754,0.023153632879257202,0.1294347196817398,0.740203987523859,20.798465329096857,2.5695056915283203,0.02788090705871582,0.10026982426643372,0.8768104289203563,29.864808194026757,0.053504616022109985,0.9624394774436951
hybrid44_neural,ema,development,8150,0.6000000238418579,0.018612269312143326,0.3640109598636627,0.8310973815828184,0.8846076539636597,0.14402803778648376,0.043726541101932526,0.30797484517097473,0.3365911267265159,16.831059051405607,3.628704309463501,0.057482242584228516,0.32510828971862793,0.6178988122161994,26.866768193243825,0.08059246093034744,0.9227288961410522
hybrid44_neural,ema,development,8160,0.800000011920929,0.01535020675510168,0.3534063398838043,0.8496910856134157,0.8892165578853786,0.13892225921154022,0.032233595848083496,0.315704345703125,0.42442701869793326,17.144563384098653,3.0747716426849365,0.03430986404418945,0.34137898683547974,0.6737483775286809,28.30554234399637,0.06743578612804413,0.9543558359146118
hybrid44_neural,raw,development,8130,0.20000000298023224,0.009064563550055027,0.26803895831108093,0.9528979111503383,0.9687109130706691,0.09178745746612549,0.023945987224578857,0.1384781450033188,0.7198916477129473,20.744333486442706,2.9967093467712402,0.03222298622131348,0.11145046353340149,0.8630933779018373,28.528907454885694,0.07013136893510818,0.9459760189056396
hybrid44_neural,raw,development,8140,0.4000000059604645,0.008084101602435112,0.26854464411735535,0.9550603118564284,0.9699562373998131,0.09166419506072998,0.023429006338119507,0.13247284293174744,0.7385397045242158,20.756005611929297,2.6050117015838623,0.027973175048828125,0.09657885879278183,0.8766809934973705,29.745605790366056,0.05698811262845993,0.9628382921218872
hybrid44_neural,raw,development,8150,0.6000000238418579,0.018592698499560356,0.3638390600681305,0.8310091203295087,0.8848459333213047,0.14469458162784576,0.04402604699134827,0.3108028173446655,0.3369799067006519,16.790954876929774,3.613661766052246,0.05819582939147949,0.3277965188026428,0.6195982949117903,26.90284958240186,0.0802353173494339,0.9202269315719604
hybrid44_neural,raw,development,8160,0.800000011920929,0.015383369289338589,0.3533203899860382,0.8493674610179465,0.8890213503847405,0.13925747573375702,0.03225792199373245,0.3108474016189575,0.42482873387976583,17.12362952927171,3.0867786407470703,0.03444242477416992,0.34193912148475647,0.6733726832560871,28.2716901567923,0.061077166348695755,0.9539709687232971
hybrid44_neural,ema,train,8120,0.0,0.006754305213689804,0.261985182762146,0.962165342747867,0.975005830677136,0.08166812360286713,0.022519171237945557,0.1289026290178299,0.7827754184863497,21.758948124094793,2.507399559020996,0.021047115325927734,0.12458203732967377,0.8867002653713598,30.077329109081674,0.0979878157377243,0.9706248044967651
hybrid44_neural,ema,train,8121,0.019999999552965164,0.008009974844753742,0.26790034770965576,0.9576640188290674,0.9720077032310775,0.08736477047204971,0.02392757683992386,0.1324233114719391,0.7498022005094968,21.173273563494636,2.8237500190734863,0.023218631744384766,0.13766467571258545,0.8712212274248453,29.045274814729034,0.0807616263628006,0.9608947038650513
hybrid44_neural,ema,train,8122,0.03999999910593033,0.007287295069545507,0.2653026878833771,0.9589732274198294,0.972833445350321,0.08422758430242538,0.022617237642407417,0.1370367705821991,0.7633512667783049,21.490912839077684,2.639005422592163,0.021554946899414062,0.12774497270584106,0.8805812803029779,29.632994306408,0.05959358811378479,0.970125675201416
hybrid44_neural,ema,train,8123,0.05999999865889549,0.008201807737350464,0.26624754071235657,0.9589438070020594,0.9728038976857492,0.0852922722697258,0.023007765412330627,0.13974377512931824,0.7572689948727542,21.38180611013411,2.8125414848327637,0.030477046966552734,0.1187579482793808,0.8785155953869903,29.079820837434287,0.07805041968822479,0.9412392973899841
hybrid44_neural,ema,train,8124,0.07999999821186066,0.0068548331037163734,0.26032403111457825,0.964754339511621,0.9766216532667239,0.08061875402927399,0.021839596331119537,0.11577597260475159,0.7798682178888802,21.871277987697624,2.6871159076690674,0.020905733108520508,0.1072133332490921,0.8929408476836272,29.476071381327095,0.06563276052474976,0.9712220430374146
hybrid44_neural,ema,train,8125,0.10000000149011612,0.006505169905722141,0.2598209083080292,0.966960870844366,0.9780471117192845,0.0786144956946373,0.021509986370801926,0.12168823927640915,0.7862043367626086,22.089947033053758,2.5701215267181396,0.020141124725341797,0.10133279860019684,0.8989789027187043,29.862726323011852,0.06731362640857697,0.9696428775787354
hybrid44_neural,ema,train,8126,0.11999999731779099,0.006282614544034004,0.25579798221588135,0.9691085613415711,0.9794580847109461,0.07719343155622482,0.020768754184246063,0.11870608478784561,0.797119721617914,22.248392754656695,2.6207168102264404,0.019211769104003906,0.08037541806697845,0.906026388425992,29.69339765488047,0.053468070924282074,0.9716384410858154
hybrid44_neural,ema,train,8127,0.14000000059604645,0.006561031099408865,0.2543245553970337,0.969991173874669,0.9800144992848325,0.07549566775560379,0.020498469471931458,0.12026666104793549,0.8033888699072786,22.44155934450797,2.5066816806793213,0.024280071258544922,0.07965236157178879,0.9046465820224071,30.07981636871561,0.06675922125577927,0.9539902210235596
hybrid44_neural,ema,train,8128,0.1599999964237213,0.006158892996609211,0.25351041555404663,0.9709032068255369,0.9806567701304544,0.07563719898462296,0.020601853728294373,0.12331948429346085,0.8037454379566213,22.425291463081294,2.6746623516082764,0.019039154052734375,0.07376063615083694,0.9108574670264943,29.51642078977093,0.07783214002847672,0.9715932011604309
hybrid44_neural,ema,train,8129,0.18000000715255737,0.005266196560114622,0.25062987208366394,0.9731538687849367,0.9821395367044754,0.07205421477556229,0.02018362283706665,0.1207023411989212,0.8167498518757099,22.84681251412531,2.133110284805298,0.017503023147583008,0.06806932389736176,0.9159563337366989,31.481533122697357,0.05055786296725273,0.9745275378227234
hybrid44_neural,ema,train,8131,0.2199999988079071,0.005924064666032791,0.2583112418651581,0.9648278905560459,0.9766049255878122,0.07512722909450531,0.02062298357486725,0.11445032060146332,0.8032353551783518,22.484052807543712,2.208070755004883,0.018594741821289062,0.0845310166478157,0.9011620687457741,31.181540416991304,0.053043872117996216,0.9767290949821472
hybrid44_neural,ema,train,8132,0.23999999463558197,0.006176351569592953,0.24736811220645905,0.9737422771403353,0.9825155988284962,0.07404103130102158,0.019910752773284912,0.11229202151298523,0.8169124379838195,22.610551164538823,2.5115015506744385,0.02190399169921875,0.06597931683063507,0.9169629616151004,30.063130373461433,0.0569060742855072,0.9632905721664429
hybrid44_neural,ema,train,8133,0.25999999046325684,0.0053001767955720425,0.24577349424362183,0.9744336569579288,0.9829617865615747,0.0719810426235199,0.01923432946205139,0.11617128551006317,0.8260229640086777,22.855637210903556,2.2470388412475586,0.017958402633666992,0.05876584351062775,0.9224131346945588,31.029587899310492,0.04495587199926376,0.9760249257087708
hybrid44_neural,ema,train,8134,0.2800000011920929,0.005393840838223696,0.2460557073354721,0.9742130038246543,0.9828044533817255,0.07253941148519516,0.019108712673187256,0.10748491436243057,0.8248064658540499,22.78851921731105,2.364457130432129,0.01735234260559082,0.06109087914228439,0.9235572789542251,30.587170706649204,0.050170835107564926,0.9748867154121399
hybrid44_neural,ema,train,8135,0.30000001192092896,0.005893044639378786,0.24749873578548431,0.9739776404824948,0.9826273974486137,0.07255008816719055,0.019526436924934387,0.10995595157146454,0.824945430547604,22.787240733472135,2.409223794937134,0.023404836654663086,0.057425566017627716,0.9189657395693085,30.424256756190722,0.056556738913059235,0.9649913907051086
hybrid44_neural,ema,train,8136,0.3199999928474426,0.005270114168524742,0.24743743240833282,0.9732715504560164,0.982151101680763,0.07282514125108719,0.019405916333198547,0.11421969532966614,0.8233229518701999,22.754373325177912,2.183321237564087,0.017208337783813477,0.05666184797883034,0.9200593730968762,31.279447088607423,0.04534795507788658,0.9767584204673767
hybrid44_neural,ema,train,8137,0.3400000035762787,0.0050769164226949215,0.2461692988872528,0.974786701971168,0.983166702677221,0.07096455991268158,0.01910526305437088,0.10921861231327057,0.8315569881923921,22.979169551357998,2.2096824645996094,0.01696634292602539,0.06101106107234955,0.9243110222918011,31.175201900090215,0.04309725761413574,0.9778235554695129
hybrid44_neural,ema,train,8138,0.36000001430511475,0.005200588144361973,0.2498408854007721,0.9728743748161224,0.981868596487778,0.07346111536026001,0.01957491785287857,0.11505644023418427,0.8257587259997535,22.678849520122455,2.13840651512146,0.016338348388671875,0.06909449398517609,0.9211146836081814,31.459994726330585,0.04510742425918579,0.9778845906257629
hybrid44_neural,ema,train,8139,0.3799999952316284,0.004700192250311375,0.2483406364917755,0.974771991762283,0.9831199125975649,0.07074804604053497,0.018918722867965698,0.11528760194778442,0.8379889958003521,23.005710955434452,1.9046258926391602,0.014939546585083008,0.05977925658226013,0.9279393048392649,32.46560614736456,0.043359942734241486,0.9803429841995239
hybrid44_neural,ema,train,8141,0.41999998688697815,0.0056478483602404594,0.2613726556301117,0.9635775228008238,0.9755707717504982,0.07566370815038681,0.020118292421102524,0.1127806156873703,0.8169918046868635,22.422247521919015,1.9806022644042969,0.01614522933959961,0.07652889937162399,0.9030906994639907,32.125854367786374,0.03901311010122299,0.9814945459365845
hybrid44_neural,ema,train,8142,0.4399999976158142,0.005560512188822031,0.2540905177593231,0.9691085613415711,0.9792563910071516,0.07407873868942261,0.019488424062728882,0.11098828911781311,0.825748196530023,22.606128452534886,2.1887192726135254,0.01677846908569336,0.06795676797628403,0.9130294353848091,31.25799806273189,0.048673711717128754,0.9787533283233643
hybrid44_neural,ema,train,8143,0.46000000834465027,0.005354397930204868,0.25376030802726746,0.9690791409238011,0.9791897671471567,0.07396408170461655,0.01928211748600006,0.12202335894107819,0.8267923900091153,22.619582755224272,2.02140736579895,0.016013622283935547,0.06510484218597412,0.9149114079110916,31.94872289899334,0.0439644455909729,0.9787681102752686
hybrid44_neural,ema,train,8144,0.47999998927116394,0.006151142530143261,0.261493057012558,0.9621065019123272,0.9745000989902989,0.07768677175045013,0.020379796624183655,0.1250593215227127,0.8086763207834896,22.19305830571971,2.2516987323760986,0.017546653747558594,0.09557592868804932,0.9007674558776785,31.011594196502415,0.04351513087749481,0.9760698676109314
hybrid44_neural,ema,train,8145,0.5,0.006960158236324787,0.2671012878417969,0.9572668431891733,0.9712316422226404,0.08332675695419312,0.021146535873413086,0.14664295315742493,0.7786751829437099,21.58431075911922,2.379774808883667,0.02174997329711914,0.09612739086151123,0.8895799538062358,30.53108209160537,0.056426264345645905,0.9684626460075378
hybrid44_neural,ema,train,8146,0.5199999809265137,0.007668704725801945,0.27691394090652466,0.9481170932627243,0.9651506318732893,0.08497519791126251,0.022423654794692993,0.1437571495771408,0.7573978331895904,21.41415661988621,2.6707348823547363,0.023245811462402344,0.13017122447490692,0.874095975818643,29.529184402702548,0.05093792825937271,0.9661585688591003
hybrid44_neural,ema,train,8147,0.5400000214576721,0.008431866765022278,0.2852884829044342,0.9406001765225066,0.9599237777645448,0.08754663169384003,0.022976629436016083,0.1465849131345749,0.7356659986664398,21.155210903206424,2.832951068878174,0.02397775650024414,0.13825494050979614,0.8616112137508044,29.017018207741113,0.05600614845752716,0.957973301410675
hybrid44_neural,ema,train,8148,0.5600000023841858,0.009761292487382889,0.30088648200035095,0.925654604295381,0.9497754104225464,0.09658042341470718,0.025228098034858704,0.18055179715156555,0.6812618850200006,20.302218143845057,2.790344476699829,0.031523704528808594,0.18571831285953522,0.8291714840102771,29.148643104799746,0.07262135297060013,0.9439502954483032
hybrid44_neural,ema,train,8149,0.5799999833106995,0.010202288627624512,0.3072773218154907,0.9185642836128273,0.944425482361917,0.09969661384820938,0.026413142681121826,0.18926458060741425,0.654818101902683,20.026392000134557,2.9368107318878174,0.030597686767578125,0.18411248922348022,0.8206863537122747,28.704280733503644,0.0707465186715126,0.9404972791671753
hybrid44_neural,ema,train,8151,0.6200000047683716,0.010039405897259712,0.31749528646469116,0.9041188584877905,0.9338354718206918,0.10656575858592987,0.027546077966690063,0.20204436779022217,0.6151478929102591,19.44764648922707,2.4670498371124268,0.025138378143310547,0.24511265754699707,0.7910160265679859,30.218241421807992,0.03646407276391983,0.9754425883293152
hybrid44_neural,ema,train,8152,0.6399999856948853,0.008634446188807487,0.30774378776550293,0.9152691968225949,0.9412520653570774,0.09861645847558975,0.024373725056648254,0.18237173557281494,0.6626603054777903,20.12101208499399,2.2384471893310547,0.01972818374633789,0.20081883668899536,0.8229759246174126,31.062862644574825,0.043307989835739136,0.9785953760147095
hybrid44_neural,ema,train,8153,0.6600000262260437,0.009071480482816696,0.3112775385379791,0.9107384524860253,0.9380082546687916,0.10249390453100204,0.024960696697235107,0.18518365919589996,0.669417497356313,19.786039379108082,2.236177682876587,0.020235538482666016,0.16986362636089325,0.8207561497943402,31.07167394494124,0.035787489265203476,0.9793291687965393
hybrid44_neural,ema,train,8154,0.6800000071525574,0.009579939767718315,0.31546008586883545,0.9085172109443954,0.9367762923804199,0.10882287472486496,0.026068463921546936,0.19911545515060425,0.6496159995575764,19.265596309681637,2.3197062015533447,0.021192550659179688,0.18190234899520874,0.8143998783624256,30.753140152163965,0.039814941585063934,0.9772361516952515
hybrid44_neural,ema,train,8155,0.699999988079071,0.010317717678844929,0.32057085633277893,0.9006913798175934,0.9317052938260614,0.11363521963357925,0.028085848316550255,0.2353154420852661,0.6228549810977265,18.889740759840883,2.4224302768707275,0.02213573455810547,0.23416781425476074,0.7923414129130861,30.376774442902295,0.04281953349709511,0.9786194562911987
hybrid44_neural,ema,train,8156,0.7200000286102295,0.01013949140906334,0.3195019066333771,0.9034274786701971,0.9332533525829376,0.11272937059402466,0.027565672993659973,0.23316091299057007,0.623351630206542,18.95925820664152,2.332063674926758,0.021965503692626953,0.24272529780864716,0.7921911840097664,30.706991714698212,0.04054321348667145,0.978706955909729
hybrid44_neural,ema,train,8157,0.7400000095367432,0.010285315103828907,0.3190425932407379,0.902618417181524,0.9319084157906646,0.11270792782306671,0.026915356516838074,0.24931418895721436,0.6224407397509962,18.96091071594715,2.46747088432312,0.021811723709106445,0.24452731013298035,0.7886504030611282,30.216759204031625,0.05273246765136719,0.9796797037124634
hybrid44_neural,ema,train,8158,0.7599999904632568,0.010113568976521492,0.3196624517440796,0.9032950867902324,0.9312803144338518,0.11214629560709,0.026219796389341354,0.2526737451553345,0.6188596768763509,19.004301081211224,2.234389066696167,0.021919965744018555,0.27126267552375793,0.7840885318783468,31.078623716515782,0.04716377705335617,0.9757538437843323
hybrid44_neural,ema,train,8159,0.7799999713897705,0.01064705103635788,0.32349830865859985,0.8984260076493086,0.9268235817763695,0.11410008370876312,0.025202855467796326,0.2530514597892761,0.6019906061721467,18.854280523893895,2.4508166313171387,0.022866487503051758,0.2883491516113281,0.7721513203223073,30.275583714898538,0.05052446946501732,0.972084105014801
hybrid44_neural,ema,train,8161,0.8199999928474426,0.009967208839952946,0.31461280584335327,0.9083259782288908,0.930522419674909,0.10802058130502701,0.020749181509017944,0.2650260031223297,0.619196732285103,19.329869963367894,2.575892210006714,0.019817352294921875,0.29912689328193665,0.7863661677903703,29.8432461236754,0.043318670243024826,0.9664716720581055
hybrid44_neural,ema,train,8162,0.8399999737739563,0.009084632620215416,0.3097030520439148,0.9149014416004707,0.9337608060914868,0.10265743732452393,0.01838289201259613,0.22892369329929352,0.6509434102113443,19.772191357638384,2.30330228805542,0.018100500106811523,0.27003157138824463,0.8008801638468753,30.81478126778967,0.03705596923828125,0.972192108631134
hybrid44_neural,ema,train,8163,0.8600000143051147,0.00883607380092144,0.3039878308773041,0.9187702265372168,0.9341065845683875,0.10239242017269135,0.01639605313539505,0.21631181240081787,0.6631593475356808,19.79464395476327,2.3464651107788086,0.015165328979492188,0.2754800617694855,0.8060058031798424,30.65351774894756,0.06032249331474304,0.9734553694725037
hybrid44_neural,ema,train,8164,0.8799999952316284,0.009078084491193295,0.30244335532188416,0.9189026184171816,0.9306968032281989,0.10585463792085648,0.014269994571805,0.25608789920806885,0.6462668743895208,19.505802028130507,2.4504458904266357,0.012837886810302734,0.29473328590393066,0.8029336663930323,30.276897497369426,0.05996411293745041,0.9688891768455505
hybrid44_neural,ema,train,8165,0.8999999761581421,0.008694357238709927,0.2978442311286926,0.9242277140335393,0.9316326666047277,0.10248149186372757,0.010136902332305908,0.23016837239265442,0.6623374240417582,19.787091393482562,2.422666311264038,0.010334968566894531,0.32745474576950073,0.8180680763542862,30.375927565060667,0.0539441742002964,0.9685822129249573
hybrid44_neural,ema,train,8166,0.9200000166893005,0.00814131647348404,0.2891620695590973,0.933009708737864,0.9372623574144486,0.09778955578804016,0.007536888122558594,0.2122846245765686,0.6993660971563566,20.194150673192574,2.3097190856933594,0.007620334625244141,0.3221251964569092,0.8332818469148571,30.790616175796682,0.055606793612241745,0.9619119763374329
hybrid44_neural,ema,train,8167,0.9399999976158142,0.008650441654026508,0.2931602895259857,0.9285819358634892,0.9334119680158002,0.09953194111585617,0.008686501532793045,0.2105218917131424,0.6891717860087162,20.040750355312163,2.4485292434692383,0.008372306823730469,0.321681946516037,0.8245553755196549,30.283694129942266,0.05089537054300308,0.9595521092414856
hybrid44_neural,ema,train,8168,0.9599999785423279,0.008616735227406025,0.29386040568351746,0.9284201235657547,0.9352977156077973,0.09710896760225296,0.010147320106625557,0.19958865642547607,0.6923625830469067,20.254813331501815,2.435349464416504,0.009751558303833008,0.29671940207481384,0.8250574771762198,30.330573751166355,0.04506094381213188,0.9594510793685913
hybrid44_neural,ema,train,8169,0.9800000190734863,0.008850113488733768,0.2977718710899353,0.9257428655486908,0.9363060539531127,0.098762646317482,0.013315737247467041,0.19195103645324707,0.6877243428689983,20.108145845573,2.463315725326538,0.012860298156738281,0.2731666564941406,0.8210516472409685,30.231398396971052,0.041856974363327026,0.9640986323356628
hybrid44_neural,ema,train,8170,1.0,0.008395868353545666,0.2971709668636322,0.9302147690497206,0.9443623484155467,0.09690452367067337,0.017027616500854492,0.18195194005966187,0.7013621356497334,20.273119117560054,2.3550286293029785,0.015432357788085938,0.25934168696403503,0.8293333766218116,30.621875623780955,0.0377555787563324,0.9669724702835083
